Descripcion,IdCategoria
Doctors,0
 Traditional Chinese Medicine,1
 Naturopathic/Holistic,2
 Acupuncture,3
 Health & Medical,4
 Nutritionists,5
Restaurants,6
 Food,7
 Bubble Tea,8
 Coffee & Tea,9
 Bakeries,10
Brewpubs,11
 Breweries,12
Synagogues,13
 Religious Organizations,14
Department Stores,15
 Shopping,16
 Fashion,17
Vietnamese,18
 Restaurants,19
 Food Trucks,20
General Dentistry,21
 Dentists,22
 Cosmetic Dentists,23
Food,24
 Delis,25
 Italian,26
Sushi Bars,27
 Japanese,28
Korean,29
Pet Services,30
 Pet Groomers,31
 Pets,32
 Veterinarians,33
Women's Clothing,34
 Accessories,35
 Children's Clothing,36
 Men's Clothing,37
 Adult,38
Cocktail Bars,39
 Bars,40
 Nightlife,41
Pizza,42
 Salad,43
 Soup,44
Dance Wear,45
 Sports Wear,46
 Arts & Entertainment,47
 Social Clubs,48
 Performing Arts,49
 Sporting Goods,50
 Shoe Stores,51
Eatertainment,52
 Brewpubs,53
 American (Traditional),54
 Burgers,55
Musicians,56
 DJs,57
 Karaoke,58
 Event Planning & Services,59
Health & Medical,60
 Beauty & Spas,61
 Laser Hair Removal,62
 Doctors,63
 Hair Removal,64
 Chiropractors,65
 Weight Loss Centers,66
 Sports Medicine,67
 Medical Spas,68
 Skin Care,69
Fashion,70
 Department Stores,71
 Furniture Stores,72
 Candle Stores,73
 Home & Garden,74
 Home Decor,75
Active Life,76
 Fitness & Instruction,77
 Trainers,78
 Gyms,79
 Yoga,80
 Grocery,81
 Convenience Stores,82
Hotels,83
 Hotels & Travel,84
Ophthalmologists,85
 Eyewear & Opticians,86
 Optometrists,87
 American (New),88
 Pizza,89
Uniforms,90
Seafood,91
 Cocktail Bars,92
 Pubs,93
Food Trucks,94
 Personal Care Services,95
 Massage,96
 Nail Salons,97
American (Traditional),98
 Sports Bars,99
 Steakhouses,100
 Beer Bar,101
Burgers,102
 Lounges,103
 Wraps,104
 Automotive,105
 Gas Stations,106
 Sandwiches,107
Keys & Locksmiths,108
 Home Services,109
 Local Services,110
 Breakfast & Brunch,111
Towing,112
 Body Shops,113
Masonry/Concrete,114
 Gardeners,115
 Lawn Services,116
 Tree Services,117
 Landscape Architects,118
 Contractors,119
 Landscaping,120
Sporting Goods,121
 Fast Food,122
Fitness & Instruction,123
 Physical Therapy,124
 Active Life,125
 French,126
 Moroccan,127
 Seafood,128
 Mediterranean,129
Flooring,130
 Handyman,131
Pest Control,132
Shopping,133
 Auction Houses,134
Grocery,135
 Drugstores,136
 Discount Store,137
 Electronics,138
Eyewear & Opticians,139
Public Services & Government,140
 Libraries,141
Parenting Classes,142
 Maternity Wear,143
 Education,144
 Specialty Schools,145
 Laundry Services,146
 Child Care & Day Care,147
 Baby Gear & Furniture,148
Barbers,149
Medical Centers,150
 Diagnostic Services,151
 Orthopedists,152
 Spine Surgeons,153
 Diagnostic Imaging,154
 Chinese,155
Car Wash,156
 Auto Detailing,157
Auto Repair,158
 Tires,159
 Oil Change Stations,160
Desserts,161
 Do-It-Yourself Food,162
 Patisserie/Cake Shop,163
Live/Raw Food,164
 Beer,165
 Wine & Spirits,166
Real Estate,167
 Real Estate Agents,168
Buses,169
 Transportation,170
 Bus Tours,171
 Travel Agents,172
 Travel Services,173
 Airport Shuttles,174
 Tours,175
 Public Transportation,176
 Filipino,177
 Internal Medicine,178
 Desserts,179
 Sushi Bars,180
Mexican,181
Banks & Credit Unions,182
 Financial Services,183
Body Shops,184
Art Classes,185
 Arts & Crafts,186
 Appliances & Repair,187
 Knitting Supplies,188
 Art Supplies,189
 Basketball Courts,190
 Stadiums & Arenas,191
 Professional Sports Teams,192
Beauty & Spas,193
 Tattoo,194
Oil Change Stations,195
 Auto Repair,196
Weight Loss Centers,197
 Life Coach,198
 Meditation Centers,199
 Professional Services,200
Home Cleaning,201
 Office Cleaning,202
 Window Washing,203
 Hair Stylists,204
 Hair Extensions,205
 Hair Salons,206
 Ice Cream & Frozen Yogurt,207
 Shaved Ice,208
Home & Garden,209
 Appliances,210
 Barbeque,211
Japanese,212
Fast Food,213
 Chicken Shop,214
Wildlife Control,215
 Pest Control,216
Home Services,217
 Vacation Rentals,218
 Real Estate,219
 Condominiums,220
 Thai,221
 Caterers,222
 Bagels,223
Endodontists,224
 General Dentistry,225
 Apartments,226
 Medical Centers,227
 Obstetricians & Gynecologists,228
Carpet Cleaning,229
 Rugs,230
 Flooring,231
 Home Cleaning,232
 Carpeting,233
Motorcycle Rental,234
 Hiking,235
 Mountain Biking,236
 ATV Rentals/Tours,237
 RV Rental,238
Hawaiian,239
 Street Vendors,240
Bars,241
 Irish,242
 Music Venues,243
 Pediatricians,244
Professional Services,245
 Officiants,246
 Wedding Planning,247
Automotive,248
 Car Wash,249
 Auto Glass Services,250
 Vegan,251
Local Services,252
 Shipping Centers,253
 Notaries,254
 Printing Services,255
 Mailbox Centers,256
 Jewelry,257
Specialty Food,258
 Juice Bars & Smoothies,259
 Fruits & Veggies,260
Tires,261
Salad,262
 Soul Food,263
Local Flavor,264
 Team Building Activities,265
 Walking Tours,266
 Scavenger Hunts,267
 Museums,268
Shanghainese,269
 Szechuan,270
 Asian Fusion,271
 Waxing,272
 Pet Sitting,273
Irish Pub,274
 Coffee Roasteries,275
Drugstores,276
 Pharmacy,277
Event Planning & Services,278
 Hotels,279
 Outdoor Gear,280
 Golf Lessons,281
 Golf Equipment,282
 Golf,283
 Fishing,284
 Hunting & Fishing Supplies,285
 Rest Stops,286
Mountain Biking,287
 Bike Repair/Maintenance,288
 Bikes,289
Cupcakes,290
 Caribbean,291
 Trinidadian,292
 Cafes,293
Tex-Mex,294
Orthodontists,295
 Oral Surgeons,296
Bike Rentals,297
Italian,298
 Gluten-Free,299
 Wine Bars,300
 Makeup Artists,301
Tours,302
 Food Tours,303
 Venues & Event Spaces,304
Makeup Artists,305
 Blow Dry/Out Services,306
 Eyebrow Services,307
 Comfort Food,308
Nightlife,309
Sandwiches,310
 Chicken Wings,311
 Donuts,312
 Windows Installation,313
Arts & Crafts,314
 Costumes,315
 Refinishing Services,316
Shoe Repair,317
 Sewing & Alterations,318
Men's Clothing,319
 Women's Clothing,320
Radiologists,321
Ethnic Food,322
 Specialty Food,323
Chinese,324
 Cajun/Creole,325
 Southern,326
Sewing & Alterations,327
 Dry Cleaning & Laundry,328
Pets,329
 Hot Dogs,330
 Mexican,331
Churches,332
Child Care & Day Care,333
 Preschools,334
 Community Service/Non-Profit,335
 Family Practice,336
 Counseling & Mental Health,337
 Countertop Installation,338
 Cabinetry,339
 Kitchen & Bath,340
Day Spas,341
 Candy Stores,342
 Chocolatiers & Shops,343
 Hair Loss Centers,344
 Barbers,345
 Pressure Washers,346
 Urgent Care,347
 Walk-in Clinics,348
 Empanadas,349
 Ethnic Food,350
 Hardware Stores,351
 Building Supplies,352
 Nurseries & Gardening,353
American (New),354
 Middle Eastern,355
 Wholesale Stores,356
 Brewing Supplies,357
 Wineries,358
Coffee & Tea,359
 Wholesalers,360
 Tacos,361
 Escape Games,362
Community Service/Non-Profit,363
 Bike Rentals,364
 Vape Shops,365
 Head Shops,366
 Tobacco Shops,367
Puerto Rican,368
 Latin American,369
Auto Parts & Supplies,370
 Pet Training,371
 Pet Services,372
 Pet Stores,373
 Art Galleries,374
 Cosmetics & Beauty Supply,375
Windows Installation,376
 Door Sales/Installation,377
 Shutters,378
 Siding,379
Festivals,380
 Local Flavor,381
 Food Stands,382
 Parasailing,383
 Beaches,384
 Boating,385
 Health Markets,386
 Vitamins & Supplements,387
Carpenters,388
 Wallpapering,389
 Painters,390
 Whiskey Bars,391
 Diners,392
Plumbing,393
 Electronics Repair,394
 IT Services & Computer Repair,395
 Mobile Phone Repair,396
 Mobile Phone Accessories,397
 Mobile Phones,398
 Wildlife Control,399
 Gutter Services,400
 Insulation Installation,401
Home Decor,402
 Kids Activities,403
 Party & Event Planning,404
Appliances & Repair,405
 Shoe Repair,406
Building Supplies,407
Hospitals,408
 Security Systems,409
 Security Services,410
 Personal Shopping,411
Hair Salons,412
 Men's Hair Salons,413
 Eyelash Service,414
Self Storage,415
 Towing,416
 Used Car Dealers,417
 Roadside Assistance,418
 Car Dealers,419
Mobile Phones,420
Preschools,421
 Elementary Schools,422
 Auto Parts & Supplies,423
 Cannabis Collective,424
 Cannabis Clinics,425
 Cannabis Dispensaries,426
Home Window Tinting,427
 Car Window Tinting,428
 Vehicle Wraps,429
Indian,430
Veterinarians,431
 Pet Photography,432
 Bespoke Clothing,433
 Dry Cleaning,434
Bagels,435
 Vegetarian,436
 Permanent Makeup,437
 Cryotherapy,438
 Challenge Courses,439
 Props,440
 Self Storage,441
Dry Cleaning & Laundry,442
 Vietnamese,443
Shoe Stores,444
 Formal Wear,445
 Farmers Market,446
 Spanish,447
 Festivals,448
 Pediatric Dentists,449
Nutritionists,450
 Cheesesteaks,451
Contractors,452
 Garage Door Services,453
Pretzels,454
 Shopping Centers,455
Chicken Wings,456
 Florists,457
 Flowers & Gifts,458
Apartments,459
 University Housing,460
 Property Management,461
Movers,462
 Furniture Assembly,463
 Pool & Billiards,464
 Furniture Repair,465
Recreation Centers,466
 Virtual Reality Centers,467
Delis,468
Cosmetic Dentists,469
 Endodontists,470
 Orthodontists,471
Amusement Parks,472
 Arcades,473
 Laser Tag,474
Breakfast & Brunch,475
Florists,476
Southern,477
Hotels & Travel,478
 Race Tracks,479
 Mini Golf,480
 Go Karts,481
 Recreation Centers,482
 Community Centers,483
 Day Camps,484
 Public Services & Government,485
 Summer Camps,486
 Beer Tours,487
Awnings,488
 Patio Coverings,489
Urgent Care,490
 Indian,491
Signmaking,492
Ice Cream & Frozen Yogurt,493
Vegan,494
 Tea Rooms,495
Kebab,496
 Lebanese,497
 Greek,498
 Mattresses,499
 Day Spas,500
 Real Estate Services,501
Gelato,502
 Gift Shops,503
Garage Door Services,504
Asian Fusion,505
Nail Salons,506
Car Dealers,507
 Car Rental,508
Hair Removal,509
 Sugaring,510
 Demolition Services,511
 Carpet Installation,512
 Tiling,513
University Housing,514
Airport Shuttles,515
 Limos,516
Jewelry,517
 Jewelry Repair,518
 Dive Bars,519
Arts & Entertainment,520
 Haunted Houses,521
 Fences & Gates,522
 Home Inspectors,523
 Creperies,524
 Gelato,525
Golf,526
Limos,527
 Party Bus Rentals,528
Day Camps,529
Wigs,530
 Fabric Stores,531
Heating & Air Conditioning/HVAC,532
Commercial Real Estate,533
 Poke,534
 Acai Bowls,535
Chiropractors,536
 Massage Therapy,537
 Watches,538
 Antiques,539
 Estheticians,540
Soup,541
 Wheel & Rim Repair,542
Criminal Defense Law,543
 Lawyers,544
 Personal Injury Law,545
 Bookstores,546
 Books,547
 Mags,548
 Music & Video,549
Radio Stations,550
 Mass Media,551
 Adult Entertainment,552
 Lingerie,553
Tacos,554
 Live/Raw Food,555
Massage,556
Jet Skis,557
 Swimming Pools,558
 Pretzels,559
Boat Charters,560
 Boat Tours,561
 Rafting/Kayaking,562
Diners,563
Barbeque,564
Real Estate Agents,565
 Shared Office Spaces,566
Parks,567
Flowers & Gifts,568
 Resorts,569
 Irish Pub,570
 Gastropubs,571
Steakhouses,572
Farmers Market,573
Hair Stylists,574
Gas Stations,575
Men's Hair Salons,576
 Motorcycle Repair,577
 Outlet Stores,578
Pawn Shops,579
 Gold Buyers,580
 Outdoor Furniture Stores,581
 Noodles,582
Laundromat,583
 Commercial Real Estate,584
Electronics,585
 Pawn Shops,586
Beer,587
Trinidadian,588
Smog Check Stations,589
Dog Walkers,590
 Reiki,591
Ranches,592
 Farms,593
 Kombucha,594
Couriers & Delivery Services,595
 Taxidermy,596
 Organic Stores,597
 Meat Shops,598
 RV Parks,599
 Campgrounds,600
 Tanning,601
Donuts,602
 Skating Rinks,603
Rehabilitation Center,604
Waxing,605
 Guns & Ammo,606
 Police Departments,607
 Used,608
 Vintage & Consignment,609
Greek,610
Tree Services,611
Trainers,612
 Boot Camps,613
Latin American,614
 Peruvian,615
Butcher,616
IT Services & Computer Repair,617
 Paint Stores,618
Gastroenterologist,619
 Prosthodontists,620
Ramen,621
Car Rental,622
 Party Supplies,623
Cosmetics & Beauty Supply,624
 Wigs,625
Musical Instruments & Teachers,626
Hookah Bars,627
 Tex-Mex,628
Scavenger Hunts,629
Kitchen & Bath,630
 Water Delivery,631
Performing Arts,632
 Smog Check Stations,633
 Souvenir Shops,634
Packing Supplies,635
 Junk Removal & Hauling,636
 Packing Services,637
 Movers,638
 Cupcakes,639
Laundry Services,640
 Spiritual Shop,641
 Supernatural Readings,642
 Religious Items,643
Water Heater Installation/Repair,644
 Plumbing,645
 Heating & Air Conditioning/HVAC,646
 Thrift Stores,647
 Beer Gardens,648
 Truck Rental,649
 Sports Clubs,650
 Herbs & Spices,651
 Herbal Shops,652
Sports Bars,653
 Transmission Repair,654
 Commercial Truck Repair,655
 Farm Equipment Repair,656
 Bed & Breakfast,657
 Malaysian,658
 Burmese,659
Juice Bars & Smoothies,660
 Auto Customization,661
Financial Services,662
 Banks & Credit Unions,663
Amateur Sports Teams,664
Lighting Fixtures & Equipment,665
 Electricians,666
Painters,667
Wraps,668
 Couriers & Delivery Services,669
 Passport & Visa Services,670
 Post Offices,671
Gluten-Free,672
 Hawaiian,673
 Trampoline Parks,674
 Tanning Beds,675
 Spray Tanning,676
 Cuban,677
 Telecommunications,678
Educational Services,679
 Vocational & Technical School,680
 Wine Tasting Room,681
Food Delivery Services,682
 Personal Chefs,683
 Pain Management,684
Oncologist,685
 Surgeons,686
 Boat Charters,687
 Flea Markets,688
 Mortgage Brokers,689
 Parks,690
 Air Duct Cleaning,691
Books,692
 Vinyl Records,693
 Music & DVDs,694
Boot Camps,695
 Martial Arts,696
Cinema,697
 Art Schools,698
Pediatric Dentists,699
Wineries,700
Dermatologists,701
 Halal,702
 Buffets,703
 Pakistani,704
Permanent Makeup,705
 Acne Treatment,706
Bakeries,707
Boating,708
 Lighting Fixtures & Equipment,709
 Lighting Stores,710
Dive Bars,711
 Floral Designers,712
Pubs,713
Fences & Gates,714
Themed Cafes,715
 Pet Adoption,716
 Tapas/Small Plates,717
Tanning,718
Cheesesteaks,719
Tiling,720
 Soccer,721
Furniture Stores,722
Buffets,723
 Computers,724
 Marketing,725
 Graphic Design,726
 Web Design,727
 Home Network Installation,728
 Legal Services,729
Bowling,730
 Aestheticians,731
 Dermatologists,732
 Plastic Surgeons,733
Damage Restoration,734
 Masonry/Concrete,735
 Excavation Services,736
Cafes,737
Piercing,738
Gift Shops,739
Family Practice,740
Wedding Planning,741
Street Vendors,742
 Turkish,743
 Kebab,744
Property Management,745
 Korean,746
 Food Delivery Services,747
Decks & Railing,748
 Carpenters,749
 TV Mounting,750
 Drywall Installation & Repair,751
 Videos & Video Game Rental,752
 Cinema,753
Tattoo,754
Optometrists,755
 Ophthalmologists,756
Guns & Ammo,757
 Gun/Rifle Ranges,758
 Firearm Training,759
 Laser Eye Surgery/Lasik,760
 Water Heater Installation/Repair,761
 Psychiatrists,762
Art Galleries,763
 Hobby Shops,764
 Interior Design,765
 Neurologist,766
 Piercing,767
Pharmacy,768
Transmission Repair,769
Caterers,770
 Party Equipment Rentals,771
 Bowling,772
Tobacco Shops,773
Walk-in Clinics,774
 Medical Supplies,775
 Laboratory Testing,776
Oral Surgeons,777
Appliances,778
Mediterranean,779
 Ramen,780
 Sardinian,781
 Teppanyaki,782
 Septic Services,783
Eyelash Service,784
Szechuan,785
Used Car Dealers,786
 Fertility,787
 Urologists,788
 Midwives,789
Vape Shops,790
Notaries,791
Home Inspectors,792
Window Washing,793
 Carpet Cleaning,794
Reiki,795
 Swimming Lessons/Schools,796
 Falafel,797
Bookstores,798
 Adult Education,799
 Interval Training Gyms,800
 Uniforms,801
Photography Stores & Services,802
Pool Cleaners,803
 Hot Tub & Pool,804
 Pool & Hot Tub Service,805
 Ethiopian,806
Bikes,807
Neurologist,808
Utilities,809
 Furniture Reupholstery,810
 Signmaking,811
 Screen Printing/T-Shirt Printing,812
Roofing,813
 Roof Inspectors,814
Food Court,815
Life Insurance,816
 Auto Insurance,817
 Insurance,818
Discount Store,819
Breweries,820
 Food Court,821
 Scuba Diving,822
 Diving,823
Gutter Services,824
 Periodontists,825
Bike Repair/Maintenance,826
Eyebrow Services,827
Thrift Stores,828
Venues & Event Spaces,829
 Video Game Stores,830
Counseling & Mental Health,831
 Archery,832
Bookkeepers,833
 Payroll Services,834
 Accountants,835
 Financial Advising,836
 Tax Services,837
Wine Bars,838
 Paint & Sip,839
 Botanical Gardens,840
Accessories,841
 Bridal,842
Comedy Clubs,843
 Dance Clubs,844
 Seafood Markets,845
 Fish & Chips,846
Bartenders,847
Podiatrists,848
DJs,849
 General Litigation,850
 DUI Law,851
 Divorce & Family Law,852
Music Venues,853
Modern European,854
RV Parks,855
 RV Dealers,856
 RV Repair,857
Laotian,858
 Pan Asian,859
Cycling Classes,860
Massage Therapy,861
Irrigation,862
 Casinos,863
Fabric Stores,864
 Embroidery & Crochet,865
 Pasta Shops,866
 Funeral Services & Cemeteries,867
Surf Schools,868
 Paddleboarding,869
 Beach Equipment Rentals,870
 Surfing,871
Indoor Playcentre,872
 Tutoring Centers,873
 Playgrounds,874
 Private Tutors,875
Truck Rental,876
 Packing Supplies,877
Digitizing Services,878
 Photography Stores & Services,879
Used,880
Cosmetic Surgeons,881
Gun/Rifle Ranges,882
 Damage Restoration,883
Post Offices,884
Bingo Halls,885
 Boat Repair,886
 Amusement Parks,887
Seafood Markets,888
 Cardio Classes,889
 Reflexology,890
Convenience Stores,891
Divorce & Family Law,892
 Criminal Defense Law,893
Landscaping,894
Acai Bowls,895
 Massage Schools,896
 Childbirth Education,897
Environmental Testing,898
 Dominican,899
Watch Repair,900
Auto Loan Providers,901
 Hospitals,902
 Pet Boarding,903
 Grilling Equipment,904
Whiskey Bars,905
Mobile Phone Repair,906
 Office Equipment,907
 African,908
Fruits & Veggies,909
Dog Parks,910
Electricians,911
 Generator Installation/Repair,912
 German,913
Escape Games,914
Wheel & Rim Repair,915
Employment Agencies,916
 Cheese Shops,917
 Laundromat,918
Security Systems,919
 Private Investigation,920
 IV Hydration,921
Skin Care,922
Cuban,923
 Comedy Clubs,924
 Tiki Bars,925
 Argentine,926
 Puerto Rican,927
Beaches,928
 Jet Skis,929
Pressure Washers,930
 Roofing,931
Pet Training,932
 Dog Walkers,933
Gyms,934
Transportation,935
Hiking,936
Recycling Center,937
 Home Staging,938
 Junkyards,939
Coffee Roasteries,940
 Pilates,941
 Barre Classes,942
Internet Service Providers,943
Bridal,944
Lounges,945
Hobby Shops,946
 Gunsmith,947
Party Supplies,948
Pet Groomers,949
Refinishing Services,950
Handyman,951
Thai,952
Waterproofing,953
Hot Dogs,954
 Propane,955
 Utilities,956
Fishing,957
Diving,958
 Car Buyers,959
 Appraisal Services,960
Aquarium Services,961
 Aquariums,962
Caribbean,963
Landmarks & Historical Buildings,964
 Churches,965
Pet Stores,966
Obstetricians & Gynecologists,967
 Ayurveda,968
Party & Event Planning,969
 Art Classes,970
 Paint-Your-Own Pottery,971
 Data Recovery,972
 Laotian,973
Bed & Breakfast,974
Dim Sum,975
 Pickleball,976
Pediatricians,977
Animal Shelters,978
 Hot Pot,979
Print Media,980
 Country Clubs,981
 Wine Tours,982
 Motorcycle Gear,983
 Motorcycle Parts & Supplies,984
 Leather Goods,985
Parking,986
 Saunas,987
German,988
 Taxis,989
 Town Car Service,990
Clock Repair,991
Education,992
 Emergency Rooms,993
Diagnostic Services,994
Legal Services,995
 Real Estate Law,996
 Bankruptcy Law,997
Real Estate Services,998
 Amateur Sports Teams,999
 Tapas Bars,1000
 Machine & Tool Rental,1001
 Trailer Rental,1002
Periodontists,1003
Shoe Shine,1004
 Ear Nose & Throat,1005
 Allergists,1006
 Photographers,1007
Noodles,1008
 Butcher,1009
 Matchmakers,1010
 Sunglasses,1011
 Bartenders,1012
 Tennis,1013
 Cycling Classes,1014
Event Photography,1015
 Session Photography,1016
 Boudoir Photography,1017
 Awnings,1018
 Shades & Blinds,1019
Pet Sitting,1020
Office Equipment,1021
 Home Organization,1022
 Auto Loan Providers,1023
Art Restoration,1024
 Watch Repair,1025
Matchmakers,1026
Fondue,1027
Casinos,1028
Children's Clothing,1029
Blow Dry/Out Services,1030
Piano Stores,1031
 Musical Instrument Services,1032
 Piano Services,1033
 Musical Instruments & Teachers,1034
Dentists,1035
Karate,1036
Beer Bar,1037
Orthopedists,1038
 Rehabilitation Center,1039
Spray Tanning,1040
 Teeth Whitening,1041
Emergency Pet Hospital,1042
Beer Gardens,1043
Carpet Installation,1044
 Custom Cakes,1045
 Internet Cafes,1046
,1047
Test Preparation,1048
Shipping Centers,1049
Skate Shops,1050
Naturopathic/Holistic,1051
 Glass Blowing,1052
Carpeting,1053
 Henna Artists,1054
Outdoor Gear,1055
 Grout Services,1056
Customized Merchandise,1057
 Screen Printing,1058
 Investing,1059
Taiwanese,1060
 Osteopathic Physicians,1061
Fireplace Services,1062
 Chimney Sweeps,1063
Mobile Phone Accessories,1064
 Jazz & Blues,1065
Car Stereo Installation,1066
Videos & Video Game Rental,1067
Snow Removal,1068
Generator Installation/Repair,1069
 Service Stations,1070
Formal Wear,1071
 Military Surplus,1072
 Sleep Specialists,1073
Laser Tag,1074
 Themed Cafes,1075
Auto Detailing,1076
Physical Therapy,1077
Boat Repair,1078
Mini Golf,1079
Antiques,1080
 Business Consulting,1081
 Musicians,1082
 Cantonese,1083
 Clock Repair,1084
Vegetarian,1085
 Motorcycle Dealers,1086
 Farming Equipment,1087
Pet Cremation Services,1088
Middle Eastern,1089
 International Grocery,1090
 Arabic,1091
Funeral Services & Cemeteries,1092
Art Supplies,1093
Hair Extensions,1094
 Christmas Trees,1095
 Firewood,1096
Soul Food,1097
 Framing,1098
Moroccan,1099
 Internet Service Providers,1100
 Television Service Providers,1101
Watches,1102
 Newspapers & Magazines,1103
Museums,1104
 Landmarks & Historical Buildings,1105
Acupuncture,1106
 Plus Size Fashion,1107
 Keys & Locksmiths,1108
Yoga,1109
 Brasseries,1110
 Distilleries,1111
Boxing,1112
Embroidery & Crochet,1113
 Auto Upholstery,1114
Tiki Bars,1115
Mattresses,1116
 Cards & Stationery,1117
 Yelp Events,1118
Personal Assistants,1119
Dry Cleaning,1120
Printing Services,1121
 Customized Merchandise,1122
 Trophy Shops,1123
 Badminton,1124
 Check Cashing/Pay-day Loans,1125
Medical Supplies,1126
 Salvadoran,1127
 Glass & Mirrors,1128
Home Organization,1129
 Cabaret,1130
 Dental Hygienists,1131
 Astrologers,1132
 Psychics,1133
 Swimwear,1134
 Clothing Rental,1135
Nail Technicians,1136
Poke,1137
Metal Fabricators,1138
Paint Stores,1139
 Pool Halls,1140
Mortgage Brokers,1141
 Mortgage Lenders,1142
Adult Education,1143
 Lactation Services,1144
 Educational Services,1145
 Parenting Classes,1146
 Driving Schools,1147
 Donation Center,1148
Spanish,1149
Shutters,1150
 Nail Technicians,1151
Internal Medicine,1152
Propane,1153
 Skate Shops,1154
 Waterproofing,1155
Furniture Repair,1156
 Hydrotherapy,1157
Television Stations,1158
Paint-Your-Own Pottery,1159
Comfort Food,1160
 Perfume,1161
 Boxing,1162
Airport Terminals,1163
 Airports,1164
Skating Rinks,1165
 Speakeasies,1166
Religious Schools,1167
 Middle Schools & High Schools,1168
Pan Asian,1169
Hardware Stores,1170
TV Mounting,1171
 Home Theatre Installation,1172
Head Shops,1173
Gay Bars,1174
 Hookah Bars,1175
 Colleges & Universities,1176
 Commercial Truck Dealers,1177
French,1178
 Fireplace Services,1179
Driving Schools,1180
 Departments of Motor Vehicles,1181
 Traffic Schools,1182
Candy Stores,1183
 Popcorn Shops,1184
Airlines,1185
Junk Removal & Hauling,1186
 Hospice,1187
 Pool Cleaners,1188
 Cosmetic Surgeons,1189
Grout Services,1190
 Fingerprinting,1191
Cantonese,1192
Tapas Bars,1193
Toy Stores,1194
 Children's Museums,1195
 Orthotics,1196
 Podiatrists,1197
Gastropubs,1198
Well Drilling,1199
 Water Purification Services,1200
 Gay Bars,1201
 Wedding Chapels,1202
 Strip Clubs,1203
Framing,1204
 Aquarium Services,1205
 Local Fish Stores,1206
Cooking Schools,1207
 Climbing,1208
Door Sales/Installation,1209
 Windshield Installation & Repair,1210
 Irrigation,1211
Car Window Tinting,1212
 Prenatal/Perinatal Care,1213
Libraries,1214
 Ethnic Grocery,1215
Session Photography,1216
 Event Photography,1217
Bubble Tea,1218
Lawyers,1219
 Snow Removal,1220
 Animal Shelters,1221
Auto Insurance,1222
 Registration Services,1223
 Art Space Rentals,1224
 Magicians,1225
 Decks & Railing,1226
Adult Entertainment,1227
Data Recovery,1228
Saunas,1229
 Halotherapy,1230
Colombian,1231
Meditation Centers,1232
Haunted Houses,1233
 Threading Services,1234
 Brazilian,1235
Rafting/Kayaking,1236
Food Stands,1237
Rugs,1238
 Retirement Homes,1239
 Circuit Training Gyms,1240
 Hydroponics,1241
Dive Shops,1242
 Free Diving,1243
 Buses,1244
 Bus Rental,1245
Hockey Equipment,1246
 Battery Stores,1247
 Czech,1248
 Indoor Playcentre,1249
Himalayan/Nepalese,1250
 Surf Schools,1251
 Hats,1252
 Surf Shop,1253
Cardio Classes,1254
Home Energy Auditors,1255
 Solar Installation,1256
 Doulas,1257
 Placenta Encapsulations,1258
Baby Gear & Furniture,1259
 Waffles,1260
Courthouses,1261
Pakistani,1262
Pool Halls,1263
 Dog Parks,1264
 Cosmetology Schools,1265
Kids Activities,1266
Cajun/Creole,1267
Advertising,1268
 Real Estate Photography,1269
Children's Museums,1270
 Art Museums,1271
Windshield Installation & Repair,1272
Ethiopian,1273
 Imported Food,1274
Karaoke,1275
Cards & Stationery,1276
 Club Crawl,1277
 Toy Stores,1278
 Polish,1279
 High Fidelity Audio Equipment,1280
 Home Automation,1281
Trailer Dealers,1282
Health Insurance Offices,1283
 Piano Bars,1284
 Colonics,1285
Playgrounds,1286
 Home Window Tinting,1287
Traditional Chinese Medicine,1288
Electronics Repair,1289
 Rock Climbing,1290
Landscape Architects,1291
Music & DVDs,1292
Hainan,1293
New Mexican Cuisine,1294
Paddleboarding,1295
 Zoos,1296
Nurseries & Gardening,1297
 Psychologists,1298
Dance Clubs,1299
 Car Stereo Installation,1300
Halal,1301
 Tui Na,1302
 Ticket Sales,1303
Cardiologists,1304
 Gastroenterologist,1305
Shaved Ice,1306
Sports Medicine,1307
Lakes,1308
 Guest Houses,1309
 Russian,1310
 Cambodian,1311
Auto Glass Services,1312
Specialty Schools,1313
 Career Counseling,1314
Mass Media,1315
 Radio Stations,1316
 Structural Engineers,1317
 Dim Sum,1318
Photographers,1319
 Estate Liquidation,1320
 Recycling Center,1321
Shades & Blinds,1322
Motorcycle Dealers,1323
 Parking,1324
 Videographers,1325
 Cooking Classes,1326
 Cooking Schools,1327
 Photo Booth Rentals,1328
Hearing Aid Providers,1329
 Audiologist,1330
 Bike Sharing,1331
Campgrounds,1332
 Tabletop Games,1333
Glass & Mirrors,1334
Religious Organizations,1335
Peruvian,1336
Taxis,1337
 Immigration Law,1338
Kickboxing,1339
 Muay Thai,1340
 Brazilian Jiu-jitsu,1341
 Public Art,1342
 Comic Books,1343
 Tuscan,1344
 Restaurant Supplies,1345
 Hypnosis/Hypnotherapy,1346
 Pet Hospice,1347
 Emergency Pet Hospital,1348
Marketing,1349
 Pick Your Own Farms,1350
Drywall Installation & Repair,1351
Home Automation,1352
Summer Camps,1353
 Engraving,1354
Plastic Surgeons,1355
RV Dealers,1356
Mailbox Centers,1357
Financial Advising,1358
Siding,1359
Musical Instrument Services,1360
Pool & Hot Tub Service,1361
Race Tracks,1362
African,1363
 Home & Rental Insurance,1364
 Taiwanese,1365
Botanical Gardens,1366
Rock Climbing,1367
Dominican,1368
 Car Share Services,1369
 New Mexican Cuisine,1370
 Used Bookstore,1371
 Mobile Dent Repair,1372
Indonesian,1373
Private Tutors,1374
 Test Preparation,1375
 Disc Golf,1376
Piano Bars,1377
 Shoe Shine,1378
Jewelry Repair,1379
Brazilian Jiu-jitsu,1380
 Kickboxing,1381
 Waldorf Schools,1382
 Private Schools,1383
Public Transportation,1384
 Train Stations,1385
 Alternative Medicine,1386
Falafel,1387
Furniture Assembly,1388
 Olive Oil,1389
 Sicilian,1390
Airports,1391
 Airlines,1392
Office Cleaning,1393
Airport Lounges,1394
 Reproductive Health Services,1395
 Cigar Bars,1396
Interior Design,1397
 Nanny Services,1398
 Food Banks,1399
 Champagne Bars,1400
Vitamins & Supplements,1401
 Video/Film Production,1402
Food Tours,1403
Countertop Installation,1404
Meat Shops,1405
 Kids Hair Salons,1406
Blood & Plasma Donation Centers,1407
Imported Food,1408
 Senegalese,1409
Insurance,1410
Tubing,1411
 Snorkeling,1412
Town Car Service,1413
 Bike Repair,1414
 Bicycles,1415
 Crane Services,1416
Chicken Shop,1417
 Occupational Therapy,1418
 Holiday Decorations,1419
 Vehicle Shipping,1420
Motorcycle Repair,1421
Video/Film Production,1422
 Coffeeshops,1423
Trailer Repair,1424
 Trailer Dealers,1425
 Smokehouse,1426
 Bookkeepers,1427
Middle Schools & High Schools,1428
 Dance Studios,1429
Farms,1430
 Talent Agencies,1431
 Life Insurance,1432
 Art Tours,1433
 Party Bike Rentals,1434
 Kosher,1435
 Horseback Riding,1436
 Estate Planning Law,1437
 Body Contouring,1438
Insulation Installation,1439
 Float Spa,1440
Health Markets,1441
 Modern European,1442
Assisted Living Facilities,1443
 Memory Care,1444
Sugaring,1445
 Environmental Testing,1446
Aquariums,1447
Vinyl Records,1448
 Safety Equipment,1449
Cabaret,1450
Graphic Design,1451
Medical Spas,1452
 Taekwondo,1453
 Karate,1454
Psychologists,1455
Vocational & Technical School,1456
 Nursing Schools,1457
 Scooter Rentals,1458
 Knife Sharpening,1459
 Boat Dealers,1460
Cannabis Dispensaries,1461
Team Building Activities,1462
Roadside Assistance,1463
 Photography Classes,1464
 Special Education,1465
 Metal Fabricators,1466
 Pet Waste Removal,1467
Reflexology,1468
Fish & Chips,1469
Floral Designers,1470
 Afghan,1471
Paintball,1472
Personal Care Services,1473
 Home Health Care,1474
Solar Installation,1475
Malaysian,1476
Sports Clubs,1477
Septic Services,1478
Rest Stops,1479
 Airport Lounges,1480
 Hydro-jetting,1481
 Mobile Home Repair,1482
Car Brokers,1483
Salvadoran,1484
Shopping Centers,1485
Gunsmith,1486
 Safe Stores,1487
Outlet Stores,1488
Professional Sports Teams,1489
 Bike tours,1490
 Flowers,1491
 Races & Competitions,1492
Kombucha,1493
Car Inspectors,1494
 Car Brokers,1495
 British,1496
RV Repair,1497
Fertility,1498
Television Service Providers,1499
Lawn Services,1500
 Tattoo Removal,1501
Vacation Rental Agents,1502
Condominiums,1503
Packing Services,1504
 Dive Shops,1505
Pet Boarding,1506
Translation Services,1507
Sports Betting,1508
Stucco Services,1509
Sicilian,1510
Auto Security,1511
 Bar Crawl,1512
 Pop-up Shops,1513
 Colombian,1514
Tapas/Small Plates,1515
Filipino,1516
 CPR Classes,1517
Cabinetry,1518
 Auto Security,1519
 Ski Resorts,1520
 Cremation Services,1521
 Beverage Store,1522
 Historical Tours,1523
 Assisted Living Facilities,1524
Accountants,1525
Dance Studios,1526
 Dance Schools,1527
 Oncologist,1528
 Preventive Medicine,1529
Distilleries,1530
Auto Customization,1531
 Qi Gong,1532
 Tai Chi,1533
Engraving,1534
Tea Rooms,1535
Pain Management,1536
 Print Media,1537
 Personal Assistants,1538
Cheese Shops,1539
 Software Development,1540
 Advertising,1541
 Fireworks,1542
British,1543
Wholesale Stores,1544
 Hostels,1545
 Trivia Hosts,1546
Donation Center,1547
 Venezuelan,1548
 Stucco Services,1549
 Persian/Iranian,1550
 Land Surveying,1551
 Workers Compensation Law,1552
Telecommunications,1553
 Reptile Shops,1554
Gymnastics,1555
 Stonemasons,1556
 Powder Coating,1557
Vascular Medicine,1558
 Phlebologists,1559
Water Purification Services,1560
Cideries,1561
Organic Stores,1562
Computers,1563
Firewood,1564
Waffles,1565
Retirement Homes,1566
 Traffic Ticketing Law,1567
Circuit Training Gyms,1568
 Hearing Aid Providers,1569
 Meaderies,1570
Business Law,1571
 Flight Instruction,1572
Spine Surgeons,1573
 Pop-Up Restaurants,1574
 Tasting Classes,1575
 Wine Tasting Classes,1576
 Austrian,1577
Allergists,1578
 Business Financing,1579
Costumes,1580
 Valet Services,1581
 Mobile Home Parks,1582
Laboratory Testing,1583
Adult,1584
 Guitar Stores,1585
Resorts,1586
 Balloon Services,1587
Party Equipment Rentals,1588
Herbs & Spices,1589
Elementary Schools,1590
 Fire Protection Services,1591
 Marinas,1592
 Pet Transportation,1593
 Tenant and Eviction Law,1594
Hot Tub & Pool,1595
 Proctologists,1596
 Health Retreats,1597
Interval Training Gyms,1598
Tax Services,1599
 Water Stores,1600
 Basque,1601
 Radiologists,1602
Sports Wear,1603
 Recording & Rehearsal Studios,1604
Social Clubs,1605
Tui Na,1606
Internet Cafes,1607
 Pulmonologist,1608
 Pole Dancing Classes,1609
 Aerial Fitness,1610
 Chinese Martial Arts,1611
Emergency Rooms,1612
 Public Markets,1613
 Environmental Abatement,1614
 Foundation Repair,1615
 Psychic Mediums,1616
 Fitness/Exercise Equipment,1617
Videographers,1618
Business Consulting,1619
 Editorial Services,1620
Gardeners,1621
Travel Services,1622
 Playsets,1623
 Country Dance Halls,1624
 Australian,1625
Candle Stores,1626
 Iberian,1627
Personal Chefs,1628
Pilates,1629
Immigration Law,1630
 Employment Law,1631
Auction Houses,1632
Home & Rental Insurance,1633
Martial Arts,1634
Japanese Curry,1635
 Indonesian,1636
Tanning Beds,1637
Doulas,1638
Investing,1639
 Buddhist Temples,1640
Marinas,1641
 Private Jet Charter,1642
 Aerial Tours,1643
Alternative Medicine,1644
Pasta Shops,1645
 Dietitians,1646
Knitting Supplies,1647
Tasting Classes,1648
Life Coach,1649
 Health Coach,1650
Taekwondo,1651
 Art Restoration,1652
 Car Inspectors,1653
 Lice Services,1654
Preventive Medicine,1655
Horseback Riding,1656
 Pet Cremation Services,1657
Tutoring Centers,1658
 Montessori Schools,1659
Laser Hair Removal,1660
Prosthetics,1661
Mobility Equipment Sales & Services,1662
Water Parks,1663
 Ski Schools,1664
 Lakes,1665
 Haitian,1666
 Gymnastics,1667
 Dumpster Rental,1668
Lingerie,1669
Wine Tasting Room,1670
 International,1671
Photo Booth Rentals,1672
 Dinner Theater,1673
Personal Shopping,1674
Kosher,1675
Creperies,1676
 Visitor Centers,1677
Henna Artists,1678
 Face Painting,1679
 Izakaya,1680
 Drones,1681
Luggage,1682
Brazilian,1683
Mongolian,1684
 Well Drilling,1685
 Shanghainese,1686
 Mobility Equipment Sales & Services,1687
Personal Injury Law,1688
 Golf Cart Dealers,1689
Psychics,1690
 Speech Therapists,1691
 Pumpkin Patches,1692
Dental Hygienists,1693
 Translation Services,1694
 Anesthesiologists,1695
 Honey,1696
 Shredding Services,1697
RV Rental,1698
 Fondue,1699
Vehicle Shipping,1700
Air Duct Cleaning,1701
 Pet Insurance,1702
Hunting & Fishing Supplies,1703
Stadiums & Arenas,1704
 Product Design,1705
 Pet Breeders,1706
 Paintball,1707
 Holistic Animal Care,1708
 Motorcycle Rental,1709
 Hot Air Balloons,1710
 Water Parks,1711
 Drama Schools,1712
 Skilled Nursing,1713
Boat Tours,1714
Knife Sharpening,1715
 Scottish,1716
 Gerontologists,1717
Newspapers & Magazines,1718
Cryotherapy,1719
Wine Tours,1720
Bespoke Clothing,1721
Afghan,1722
Trophy Shops,1723
Colleges & Universities,1724
 Emergency Medicine,1725
 Cardiologists,1726
Skilled Nursing,1727
 Debt Relief Services,1728
 Cafeteria,1729
Teeth Whitening,1730
Departments of Motor Vehicles,1731
Used Bookstore,1732
 Hockey Equipment,1733
Foundation Repair,1734
 Electricity Suppliers,1735
 Indoor Landscaping,1736
Arcades,1737
 Machine Shops,1738
 Airport Terminals,1739
Chocolatiers & Shops,1740
Comic Books,1741
 Motorsport Vehicle Repairs,1742
International Grocery,1743
Tennis,1744
Cannabis Clinics,1745
Auto Upholstery,1746
 CSA,1747
Buddhist Temples,1748
Psychiatrists,1749
Ticket Sales,1750
 Pancakes,1751
Halotherapy,1752
 Japanese Curry,1753
Artificial Turf,1754
Pet Breeders,1755
Roof Inspectors,1756
Polish,1757
 Backflow Services,1758
Hair Loss Centers,1759
 Luggage,1760
Dumpster Rental,1761
Climbing,1762
Diagnostic Imaging,1763
Travel Agents,1764
Registration Services,1765
Employment Law,1766
 Social Security Law,1767
 Horse Boarding,1768
CSA,1769
 Immunodermatologists,1770
Beverage Store,1771
Powder Coating,1772
Health Coach,1773
 Clowns,1774
 Party Characters,1775
 Opera & Ballet,1776
Home Staging,1777
 Trailer Repair,1778
Yelp Events,1779
 Employment Agencies,1780
Scuba Diving,1781
Local Fish Stores,1782
 Title Loans,1783
Check Cashing/Pay-day Loans,1784
Motorsport Vehicle Repairs,1785
Argentine,1786
Train Stations,1787
Russian,1788
Pop-Up Restaurants,1789
Home Theatre Installation,1790
 Vascular Medicine,1791
Brewing Supplies,1792
Demolition Services,1793
 Carousels,1794
Horse Racing,1795
 Boat Parts & Supplies,1796
 Music Production Services,1797
 Armenian,1798
 Uzbek,1799
Community Centers,1800
Plus Size Fashion,1801
Outdoor Furniture Stores,1802
Installment Loans,1803
Shared Office Spaces,1804
 Ski & Snowboard Shops,1805
Skate Parks,1806
 Macarons,1807
Paint & Sip,1808
 Kitchen Supplies,1809
 Public Relations,1810
 Homeowner Association,1811
Skydiving,1812
 Racing Experience,1813
Police Departments,1814
Vacation Rentals,1815
 Diamond Buyers,1816
 Gemstones & Minerals,1817
 Syrian,1818
Threading Services,1819
Vehicle Wraps,1820
Ear Nose & Throat,1821
 Dance Wear,1822
 Process Servers,1823
 Courthouses,1824
 Business Law,1825
 Eatertainment,1826
 Undersea/Hyperbaric Medicine,1827
 Observatories,1828
 Commissioned Artists,1829
Caricatures,1830
Fitness/Exercise Equipment,1831
Horse Boarding,1832
Party Bus Rentals,1833
 Himalayan/Nepalese,1834
 EV Charging Stations,1835
ATV Rentals/Tours,1836
Talent Agencies,1837
Perfume,1838
 Bounce House Rentals,1839
Custom Cakes,1840
Furniture Reupholstery,1841
 Medical Transportation,1842
Special Education,1843
 Aircraft Repairs,1844
Wills,1845
 Trusts,1846
 & Probates,1847
 Tax Law,1848
Environmental Abatement,1849
 Concierge Medicine,1850
Commercial Truck Repair,1851
 Behavior Analysts,1852
 Belgian,1853
Attraction Farms,1854
 Whale Watching Tours,1855
IP & Internet Law,1856
Empanadas,1857
 Leisure Centers,1858
Payroll Services,1859
 Addiction Medicine,1860
Colonics,1861
Home Developers,1862
 Carpet Dyeing,1863
Crane Services,1864
Laser Eye Surgery/Lasik,1865
Surgeons,1866
Irish,1867
Medical Law,1868
Mortgage Lenders,1869
Bus Tours,1870
Supernatural Readings,1871
 Blood & Plasma Donation Centers,1872
Cafeteria,1873
Outdoor Power Equipment Services,1874
Chimney Sweeps,1875
 Public Adjusters,1876
Boat Dealers,1877
Art Museums,1878
 Silent Disco,1879
 Israeli,1880
Battery Stores,1881
 Self-defense Classes,1882
 Mongolian,1883
Hydrotherapy,1884
 Holiday Decorating Services,1885
 Medical Cannabis Referrals,1886
 Childproofing,1887
Leisure Centers,1888
Pet Hospice,1889
 Medical Law,1890
 Embassy,1891
Hostels,1892
 Synagogues,1893
Flea Markets,1894
Motorcycle Gear,1895
Trains,1896
 Cultural Center,1897
 Golf Cart Rentals,1898
 Batting Cages,1899
Machine & Tool Rental,1900
 Mobile Home Dealers,1901
Swimwear,1902
Concierge Medicine,1903
Flight Instruction,1904
 Architects,1905
Screen Printing/T-Shirt Printing,1906
Dietitians,1907
Senegalese,1908
Shaved Snow,1909
Hot Pot,1910
Egyptian,1911
 Ultrasound Imaging Centers,1912
Guitar Stores,1913
 Bookbinding,1914
 Digitizing Services,1915
 Community Gardens,1916
Boudoir Photography,1917
Occupational Therapy,1918
 Kiteboarding,1919
 Rheumatologists,1920
 Shaved Snow,1921
 Attraction Farms,1922
Vermouth Bars,1923
Business Financing,1924
Real Estate Photography,1925
 Hazardous Waste Disposal,1926
 Axe Throwing,1927
Clowns,1928
Service Stations,1929
Medical Cannabis Referrals,1930
Midwives,1931
Livestock Feed & Supply,1932
Reproductive Health Services,1933
Osteopathic Physicians,1934
Acne Treatment,1935
Officiants,1936
Patio Coverings,1937
Sledding,1938
 Tubing,1939
Country Clubs,1940
CPR Classes,1941
Appraisal Services,1942
Private Investigation,1943
Free Diving,1944
Barre Classes,1945
 Sandblasting,1946
 Religious Schools,1947
Jazz & Blues,1948
 Crisis Pregnancy Centers,1949
Pet Adoption,1950
Hats,1951
 Neuropathologists,1952
 Planetarium,1953
Arabic,1954
Cultural Center,1955
Swimming Lessons/Schools,1956
 Furniture Rental,1957
 Grill Services,1958
Sleep Specialists,1959
 Beer Hall,1960
Challenge Courses,1961
Macarons,1962
Career Counseling,1963
 Rolfing,1964
 Portuguese,1965
Fingerprinting,1966
 Trains,1967
 Skydiving,1968
Massage Schools,1969
Persian/Iranian,1970
 Veterans Organizations,1971
 Vacation Rental Agents,1972
Walking Tours,1973
LAN Centers,1974
 Nurse Practitioner,1975
 Bail Bondsmen,1976
 Fur Clothing,1977
 Ziplining,1978
 Wills,1979
Venezuelan,1980
Bounce House Rentals,1981
Archery,1982
 Hang Gliding,1983
 Paragliding,1984
 Sex Therapists,1985
Champagne Bars,1986
Home Health Care,1987
 Solar Panel Cleaning,1988
 Elevator Services,1989
IV Hydration,1990
Swimming Pools,1991
 Audio/Visual Equipment Rental,1992
Surfing,1993
 Prosthetics,1994
 Hybrid Car Repair,1995
Water Delivery,1996
Debt Relief Services,1997
Do-It-Yourself Food,1998
 Georgian,1999
 Golf Equipment Shops,2000
Smokehouse,2001
Car Buyers,2002
Ethnic Grocery,2003
 Ukrainian,2004
Souvenir Shops,2005
 Mortuary Services,2006
Ski & Snowboard Shops,2007
Turkish,2008
Animal Physical Therapy,2009
Video Game Stores,2010
 LAN Centers,2011
 Installment Loans,2012
Axe Throwing,2013
Piano Services,2014
 First Aid Classes,2015
 Disability Law,2016
 Elder Care Planning,2017
 Car Auctions,2018
 Caricatures,2019
Leather Goods,2020
Cooking Classes,2021
 Bird Shops,2022
 Television Stations,2023
Cosmetology Schools,2024
Aestheticians,2025
Motorsport Vehicle Dealers,2026
Cambodian,2027
 Hepatologists,2028
Childbirth Education,2029
Races & Competitions,2030
Tattoo Removal,2031
Prosthodontists,2032
Belgian,2033
Restaurant Supplies,2034
Teppanyaki,2035
Face Painting,2036
Patisserie/Cake Shop,2037
Cremation Services,2038
Uzbek,2039
Drive-In Theater,2040
Screen Printing,2041
 Skate Parks,2042
 Artificial Turf,2043
Wholesalers,2044
Batting Cages,2045
Furniture Rental,2046
Historical Tours,2047
 Otologists,2048
Trampoline Parks,2049
Tabletop Games,2050
Retina Specialists,2051
 Fuzhou,2052
 Portable Toilet Services,2053
Kids Hair Salons,2054
Mobile Home Dealers,2055
 Sports Betting,2056
Mobile Dent Repair,2057
Estate Planning Law,2058
 Ferries,2059
Nurse Practitioner,2060
Wedding Chapels,2061
 Sailing,2062
Honey,2063
Basque,2064
Christmas Trees,2065
 Animal Physical Therapy,2066
 Outdoor Power Equipment Services,2067
Senior Centers,2068
 Endocrinologists,2069
 Unofficial Yelp Events,2070
 Delicatessen,2071
Land Surveying,2072
Orthotics,2073
Bartending Schools,2074
 Squash,2075
 Bangladeshi,2076
 Traditional Clothing,2077
 Livestock Feed & Supply,2078
 Fire Departments,2079
Web Design,2080
Olive Oil,2081
Security Services,2082
Sport Equipment Hire,2083
Valet Services,2084
 Singaporean,2085
Trailer Rental,2086
Fuel Docks,2087
Estheticians,2088
Lebanese,2089
 Oxygen Bars,2090
Dance Schools,2091
Hypnosis/Hypnotherapy,2092
 General Festivals,2093
Burmese,2094
Pulmonologist,2095
Bankruptcy Law,2096
Bail Bondsmen,2097
Architectural Tours,2098
 House Sitters,2099
 Outdoor Movies,2100
Pumpkin Patches,2101
 South African,2102
Endocrinologists,2103
Audio/Visual Equipment Rental,2104
Tuscan,2105
Public Markets,2106
Real Estate Law,2107
Baseball Fields,2108
Recording & Rehearsal Studios,2109
Public Relations,2110
Town Hall,2111
 Home Developers,2112
 3D Printing,2113
Singaporean,2114
Honduran,2115
 Neurotologists,2116
Kitchen Supplies,2117
Scandinavian,2118
 Apartment Agents,2119
 Airsoft,2120
 Pathologists,2121
Pole Dancing Classes,2122
 Cideries,2123
Tableware,2124
 Tableware,2125
Rolfing,2126
Billing Services,2127
Gold Buyers,2128
Surf Shop,2129
 Bartending Schools,2130
Health Retreats,2131
Iberian,2132
Opera & Ballet,2133
Urologists,2134
Structural Engineers,2135
 Language Schools,2136
Aerial Tours,2137
Neurotologists,2138
Wallpapering,2139
 Supper Clubs,2140
 Horse Racing,2141
 Baseball Fields,2142
Sailing,2143
Excavation Services,2144
 Piano Stores,2145
Public Art,2146
 Health Insurance Offices,2147
Farming Equipment,2148
Zoos,2149
 Petting Zoos,2150
Herbal Shops,2151
Spiritual Shop,2152
 Bistros,2153
Bird Shops,2154
 Drive-In Theater,2155
Body Contouring,2156
 Calligraphy,2157
Disc Golf,2158
 Horse Equipment Shops,2159
Speech Therapists,2160
Hungarian,2161
Haitian,2162
Delicatessen,2163
Virtual Reality Centers,2164
 Egyptian,2165
Bistros,2166
Speakeasies,2167
 DUI Schools,2168
Maternity Wear,2169
Hang Gliding,2170
 Architectural Tours,2171
 Retina Specialists,2172
Art Schools,2173
Beer Tours,2174
Qi Gong,2175
Lighting Stores,2176
General Litigation,2177
 Consumer Law,2178
 IP & Internet Law,2179
 Patent Law,2180
College Counseling,2181
 Honduran,2182
Medical Transportation,2183
Holistic Animal Care,2184
Bike tours,2185
Bocce Ball,2186
DUI Law,2187
Rheumatologists,2188
Hot Air Balloons,2189
Balloon Services,2190
Farm Equipment Repair,2191
 Currency Exchange,2192
Shredding Services,2193
 Poutineries,2194
Portuguese,2195
Safe Stores,2196
Lice Services,2197
Fire Protection Services,2198
 Mediators,2199
 Drive-Thru Bars,2200
Georgian,2201
Hospice,2202
 Home Energy Auditors,2203
High Fidelity Audio Equipment,2204
 Hong Kong Style Cafe,2205
 Scooter Tours,2206
Animal Assisted Therapy,2207
Clothing Rental,2208
Car Auctions,2209
 Ethical Grocery,2210
Hydro-jetting,2211
Public Adjusters,2212
Editorial Services,2213
 College Counseling,2214
Religious Items,2215
Whale Watching Tours,2216
Skiing,2217
Popcorn Shops,2218
Tax Law,2219
Carpet Dyeing,2220
Bus Stations,2221
 Senior Centers,2222
 Infectious Disease Specialists,2223
 Homeless Shelters,2224
 Teacher Supplies,2225
Self-defense Classes,2226
 Contract Law,2227
 Elder Law,2228
Psychic Mediums,2229
Traffic Ticketing Law,2230
 DIY Auto Shop,2231
Sunglasses,2232
Workers Compensation Law,2233
Pet Transportation,2234
 Sauna Installation & Repair,2235
Cannabis Collective,2236
Private Schools,2237
Bangladeshi,2238
Strip Clubs,2239
Float Spa,2240
Sardinian,2241
 Hungarian,2242
 Bus Stations,2243
Title Loans,2244
Car Share Services,2245
Brasseries,2246
Emergency Medicine,2247
Bookbinding,2248
 Mosques,2249
Sex Therapists,2250
Grilling Equipment,2251
Pool & Billiards,2252
Ziplining,2253
Beach Equipment Rentals,2254
Snorkeling,2255
 Pedicabs,2256
Traditional Clothing,2257
 Ranches,2258
Nanny Services,2259
Pick Your Own Farms,2260
Golf Lessons,2261
Taxidermy,2262
Holiday Decorating Services,2263
Metal Detector Services,2264
Fireworks,2265
Tai Chi,2266
Pop-up Shops,2267
 Sports Psychologists,2268
 Experiences,2269
Golf Equipment,2270
Soccer,2271
Dinner Theater,2272
 Nudist,2273
Grill Services,2274
 Sledding,2275
Game Truck Rental,2276
 Art Installation,2277
Coffeeshops,2278
 Spin Classes,2279
Go Karts,2280
 Fencing Clubs,2281
Ukrainian,2282
Home Network Installation,2283
 Striptease Dancers,2284
 Cucina campana,2285
Scooter Tours,2286
 Adoption Services,2287
 Circus Schools,2288
 Kitchen Incubators,2289
 Art Consultants,2290
 Halfway Houses,2291
 Bocce Ball,2292
Firearm Training,2293
Software Development,2294
Trivia Hosts,2295
 Hindu Temples,2296
 Duplication Services,2297
 Mohels,2298
 Aviation Services,2299
 Conveyor Belt Sushi,2300
 Scandinavian,2301
EV Charging Stations,2302
Memory Care,2303
Holiday Decorations,2304
Hazardous Waste Disposal,2305
Dialysis Clinics,2306
Hotel bar,2307
Sandblasting,2308
Lactation Services,2309
Safety Equipment,2310
 Ice Delivery,2311
 Motorsport Vehicle Dealers,2312
 Makerspaces,2313
Immunodermatologists,2314
Ski Resorts,2315
Drones,2316
Audiologist,2317
3D Printing,2318
Montessori Schools,2319
 Ceremonial Clothing,2320
Mortuary Services,2321
